name,location,price,type,url
Location vacances Villa Alger Staoueli,Talamou voyage,12345.0,hotel,https://www.ouedkniss.com/annonces/49285601
Location vacances Appartement F2 Boumerdes Boumerdes,Immo Atco,9500.0,hotel,https://www.ouedkniss.com/annonces/37373274
Location vacances Appartement F3 Oran Bir el djir,MR Oran Location,8000.0,hotel,https://www.ouedkniss.com/annonces/54391937
Location vacances Appartement F5 Alger Zeralda,Icosuimimmo,150000.0,hotel,https://www.ouedkniss.com/annonces/52942994
Location vacances Niveau De Villa F2 Alger Ain taya,Appartement,0.0,hotel,https://www.ouedkniss.com/annonces/23839734
Location vacances Appartement Alger Bordj el kiffan,Talamou voyage,15000.0,hotel,https://www.ouedkniss.com/annonces/50055086
Location vacances Appartement F2 Alger Ben aknoun,Garden résidence,16000.0,hotel,https://www.ouedkniss.com/annonces/44602765
Location vacances Villa Alger Bordj el bahri,Talamou voyage,11.0,hotel,https://www.ouedkniss.com/annonces/36198880
Location vacances Niveau De Villa F2 Alger Bab ezzouar,Oussama Location Vacance,5500.0,hotel,https://www.ouedkniss.com/annonces/37269987
Location vacances Oran Bir el djir,السمو للترقية العقارية,16000.0,hotel,https://www.ouedkniss.com/annonces/54546203
Location vacances Oran Bir el djir,السمو للترقية العقارية,12000.0,hotel,https://www.ouedkniss.com/annonces/41476518
Location vacances Appartement F2 Alger Bachdjerrah,Appartement,8000.0,hotel,https://www.ouedkniss.com/annonces/54716840
Location vacances Villa Alger Ain taya,Talamou voyage,30000.0,hotel,https://www.ouedkniss.com/annonces/34741801
Location vacances Villa Alger Ain benian,Talamou voyage,111.0,hotel,https://www.ouedkniss.com/annonces/36042532
Location vacances Appartement Studio Alger Ben aknoun,Garden résidence,13000.0,hotel,https://www.ouedkniss.com/annonces/39198223
Location vacances Villa Alger Bordj el bahri,Talamou voyage,111.0,hotel,https://www.ouedkniss.com/annonces/36316066
Location vacances Bungalow F1 Blida Chrea,Talamou voyage,20000.0,hotel,https://www.ouedkniss.com/annonces/52821050
Location vacances bien immobilier Blida Bougara,Appartement,20000.0,hotel,https://www.ouedkniss.com/annonces/44931378
Location vacances Villa Tipaza Bou haroun,Talamou voyage,25000.0,hotel,https://www.ouedkniss.com/annonces/46852703
Location vacances Villa Alger Staoueli,Talamou voyage,12345.0,hotel,https://www.ouedkniss.com/annonces/49286390
Location vacances Villa Tipaza Tipaza,Talamou voyage,12345.0,hotel,https://www.ouedkniss.com/annonces/49286066
Location vacances Appartement F2 Alger Rais hamidou,chez l'habitant la vigie,9000.0,hotel,https://www.ouedkniss.com/annonces/46039441
Location vacances Appartement F2 Alger Ben aknoun,Garden résidence,15000.0,hotel,https://www.ouedkniss.com/annonces/39198157
Location vacances Appartement F3 Oran Bir el djir,West-immo,12000.0,hotel,https://www.ouedkniss.com/annonces/37015005
Location vacances Appartement F3 Oran Bir el djir,MR Oran Location,12000.0,hotel,https://www.ouedkniss.com/annonces/47582470
Location vacances Appartement F2 Tlemcen Tlemcen,Appartement,3500.0,hotel,https://www.ouedkniss.com/annonces/30292335
Location vacances Appartement F3 Sétif Setif,Elbahdja immo setif,6000.0,hotel,https://www.ouedkniss.com/annonces/48460717
Location vacances Appartement F3 Oran Bir el djir,Elmanzeh Immobilier,15000.0,hotel,https://www.ouedkniss.com/annonces/47690548
Location vacances Appartement F3 Oran Bir el djir,MR Oran Location,8000.0,hotel,https://www.ouedkniss.com/annonces/47613682
Location vacances Appartement F3 Oran Bir el djir,MR Oran Location,8000.0,hotel,https://www.ouedkniss.com/annonces/53245766
Location vacances Appartement F5 Alger Dely brahim,FELOUSSIMMO,10000.0,hotel,https://www.ouedkniss.com/annonces/23468634
Location vacances Appartement Niveau de villa F2 Alger Dely brahim,FELOUSSIMMO,12000.0,hotel,https://www.ouedkniss.com/annonces/20549689
Location vacances Appartement F2 Alger Cheraga,FELOUSSIMMO,8000.0,hotel,https://www.ouedkniss.com/annonces/12706499
Location vacances Appartement Niveau de villa F4 Alger Draria,FELOUSSIMMO,10000.0,hotel,https://www.ouedkniss.com/annonces/47425334
Location vacances Appartement F2 Oran Ain el turck,Appartement,6000.0,hotel,https://www.ouedkniss.com/annonces/16206690
Location vacances Villa Boumerdès Boumerdes,Villa,1000.0,hotel,https://www.ouedkniss.com/annonces/54715013
Location vacances Villa Alger Baba hassen,FELOUSSIMMO,65000.0,hotel,https://www.ouedkniss.com/annonces/43040994
Location vacances Niveau De Villa F2 Alger Bab ezzouar,Oussama Location Vacance,5000.0,hotel,https://www.ouedkniss.com/annonces/37269943
Location vacances Appartement F4 Alger El biar,FELOUSSIMMO,20000.0,hotel,https://www.ouedkniss.com/annonces/28399297
Location vacances Appartement Niveau de villa F3 Alger El biar,FELOUSSIMMO,12000.0,hotel,https://www.ouedkniss.com/annonces/51755105
Location vacances Appartement F3 Alger Hydra,FELOUSSIMMO,12000.0,hotel,https://www.ouedkniss.com/annonces/47297937
Location vacances Appartement F5 Alger Hydra,FELOUSSIMMO,12000.0,hotel,https://www.ouedkniss.com/annonces/47869132
Location vacances Appartement F4 Oran Bir el djir,Elmanzeh Immobilier,20000.0,hotel,https://www.ouedkniss.com/annonces/41982346
Location vacances Appartement F3 Oran Oran,Elmanzeh Immobilier,15000.0,hotel,https://www.ouedkniss.com/annonces/21517600
Location vacances Appartement F3 Constantine El khroub,Appartement,8000.0,hotel,https://www.ouedkniss.com/annonces/45583130
Location vacances Appartement F5 Oran Oran,Elmanzeh Immobilier,15000.0,hotel,https://www.ouedkniss.com/annonces/45713473
Location vacances Appartement Studio Oran Oran,Elmanzeh Immobilier,8000.0,hotel,https://www.ouedkniss.com/annonces/50086187
Location vacances Appartement F4 Oran Oran,Elmanzeh Immobilier,15000.0,hotel,https://www.ouedkniss.com/annonces/51038557
Location vacances Appartement F2 Oran Oran,Elmanzeh Immobilier,9000.0,hotel,https://www.ouedkniss.com/annonces/47567231
Location vacances Appartement F3 Oran Oran,Elmanzeh Immobilier,15000.0,hotel,https://www.ouedkniss.com/annonces/42886211
Location vacances Villa Oran Ain el turck,Elmanzeh Immobilier,35000.0,hotel,https://www.ouedkniss.com/annonces/41317135
Location vacances Villa Aïn Témouchent Bou zedjar,Elmanzeh Immobilier,25000.0,hotel,https://www.ouedkniss.com/annonces/42057412
Location vacances Villa Alger Beni messous,Talamou voyage,11110000.0,hotel,https://www.ouedkniss.com/annonces/34775315
Location vacances Appartement F2 Alger Alger centre,Appartement,11000.0,hotel,https://www.ouedkniss.com/annonces/25771626
Location vacances Appartement Boumerdès Boumerdes,Appartement,4500.0,hotel,https://www.ouedkniss.com/annonces/48717449
Location vacances Appartement F2 Alger Rais hamidou,chez l'habitant la vigie,9000.0,hotel,https://www.ouedkniss.com/annonces/49788605
Location vacances Appartement F2 Oran Bir el djir,MR Oran Location,8000.0,hotel,https://www.ouedkniss.com/annonces/47594335
Location vacances Appartement F3 Oran Oran,Luna immobilier,10000.0,hotel,https://www.ouedkniss.com/annonces/54517352
Location vacances Appartement F3 Oran Oran,Luna immobilier,13000.0,hotel,https://www.ouedkniss.com/annonces/50213062
Location vacances Appartement Oran Oran,Luna immobilier,12000.0,hotel,https://www.ouedkniss.com/annonces/45402463
Location vacances Villa Alger Draria,Talamou voyage,1111.0,hotel,https://www.ouedkniss.com/annonces/34816149
Location vacances Niveau De Villa F1 Alger Bab ezzouar,Oussama Location Vacance,4000.0,hotel,https://www.ouedkniss.com/annonces/37270029
Location vacances Appartement Boumerdès Corso,Appartement,5000.0,hotel,https://www.ouedkniss.com/annonces/36375612
Location vacances Appartement Boumerdès Corso,Appartement,5000.0,hotel,https://www.ouedkniss.com/annonces/37542610
Location vacances Villa Tipaza Tipaza,Talamou voyage,1110000.0,hotel,https://www.ouedkniss.com/annonces/35804206
Location vacances Appartement F3 Alger Ain taya,Bureau D'affaires Affaire Conclue,8000.0,hotel,https://www.ouedkniss.com/annonces/49859195
Location vacances Appartement Niveau de villa F3 Alger Ain taya,Bureau D'affaires Affaire Conclue,10000.0,hotel,https://www.ouedkniss.com/annonces/42090304
